input_tumor_type	input_tumor_subtype	cosmic_primary_site	cosmic_histology	match_level	mapping_version	mapping_source
MELANOMA		skin	malignant_melanoma	exact	2026.1	curated
MELANOMA		skin		compatible	2026.1	curated
LUAD		lung	adenocarcinoma	exact	2026.1	curated
LUAD		lung		compatible	2026.1	curated
LUSC		lung	squamous_cell_carcinoma	exact	2026.1	curated
COREAD		large_intestine	adenocarcinoma	exact	2026.1	curated
COREAD		large_intestine		compatible	2026.1	curated
UCEC		endometrium	endometrioid_carcinoma	exact	2026.1	curated
UCEC		endometrium		compatible	2026.1	curated
UCEC	serous	endometrium	serous_carcinoma	exact	2026.1	curated
BRCA		breast	ductal_carcinoma	exact	2026.1	curated
BRCA		breast		compatible	2026.1	curated
HGSOC		ovary	serous_carcinoma	exact	2026.1	curated
HGSOC		ovary		compatible	2026.1	curated
